{
  "requirements": [{
    "description": "Normalize as tabelas para a 3ª Forma Normal",
    "bonus": false
  }, {
    "description": "Exibe as estatísticas musicais",
    "bonus": false
  }, {
    "description": "Exibe o histórico de reprodução para cada pessoa usuária",
    "bonus": false
  }, {
    "description": "Exibe top 3 artistas com maior quantidade de pessoas seguidoras",
    "bonus": false
  }, {
    "description": "Exibe top 2 hits mais tocados no momento",
    "bonus": false
  }, {
    "description": "Exibe o relatório de faturamento da empresa",
    "bonus": false
  }, {
    "description": "Exibe uma relação de todos os álbuns produzidos por cada artista",
    "bonus": false
  }, {
    "description": "Crie uma trigger chamada `trigger_usuario_delete` que deve ser disparada sempre que uma pessoa usuária for excluída do banco de dados, refletindo essa exclusão em todas as tabelas que ela estiver",
    "bonus": false
  }, {
    "description": "Crie uma procedure chamada `albuns_do_artista` que, dado o nome da pessoa artista, retorna todos seus álbuns",
    "bonus": false
  }, {
    "description": "Crie uma function chamada de `quantidade_musicas_no_historico` que exibe a quantidade de músicas que estão presente atualmente no histórico de reprodução de uma pessoa usuária",
    "bonus": false
  }, {
    "description": "Crie uma `VIEW` chamada `cancoes_premium` que exiba o nome e a quantidade de vezes que cada canção foi tocada por pessoas usuárias do plano familiar ou universitário",
    "bonus": false
  }]
}
