{
  "coluna_usuario": "nome_usuario",
  "tabela_que_contem_usuario": "usuarios",
  "coluna_plano": "tipo_plano",
  "tabela_que_contem_plano": "planos",
  "coluna_historico_de_reproducoes": "cancao_id",
  "tabela_que_contem_historico_de_reproducoes": "historico_de_reproducoes",
  "coluna_seguindo_artistas": "artista_id",
  "tabela_que_contem_seguindo_artistas": "seguidores",
  "coluna_artista": "nome_artista",
  "tabela_que_contem_artista": "artistas",
  "coluna_album": "titulo_album",
  "tabela_que_contem_album": "albuns",
  "coluna_cancoes": "cancoes",
  "tabela_que_contem_cancoes": "musicas"
}
